### [2.1 类型属性](#2.1)
### [2.2 SQL_MODE设置](#2.2)
### [2.3 日期和时间类型](#2.3)
### 2.4 关于日期的经典SQL编程问题
### [2.5 数字类型](#2.5)
### 2.6 关于数字的经典SQL编程问题
### [2.7 字符类型](#2.7)
### [2.8 小结](#2.8)



<h3 id="2.1">2.1 类型属性</h3>
* UNSIGNED
* ZEROFILL

#### 2.1.1 UNSIGNED
就是将数字类型无符号化。
eg:
INT的类型范围是-2147483648～2147483647， INTUNSIGNED的范围类型就是0～4294967295。

尽量不要使用UNSIGNED，因为可能会带来一些意想不到的效果。

#### 2.1.2 ZEROFILL
ZEROFILL属性的作用，如果宽度小于设定的宽度（这里的宽度为4），则自动填充0。要注意的是，这只是最后显示的结果，在MySQL中实际存储的还是1。

<h3 id="2.2">2.2 SQL_MODE设置</h3>

Server version: 5.7.33-0ubuntu0.16.04.1-log (Ubuntu)

```
mysql> SELECT @@SQL_MODE;
+-------------------------------------------------------------------------------------------------------------------------------------------+
| @@SQL_MODE                                                                                                                                |
+-------------------------------------------------------------------------------------------------------------------------------------------+
| ONLY_FULL_GROUP_BY,STRICT_TRANS_TABLES,NO_ZERO_IN_DATE,NO_ZERO_DATE,ERROR_FOR_DIVISION_BY_ZERO,NO_AUTO_CREATE_USER,NO_ENGINE_SUBSTITUTION |
+-------------------------------------------------------------------------------------------------------------------------------------------+
1 row in set (0.04 sec)
```


生产环境中强烈建议开发人员将这个值设置为**严格模式。  

这样有问题可以在数据库的设计和开发阶段就能发现，而如果在生产环境下运行数据库后发现这类问题，那么修改的代价将变得十分巨大。  

正确的设置SQL_MODE还可以做一些约束(Constraint)检查的工作。


SQL_MODE的设置，可以在MySQL的配置文件my.cnf和my.ini中进行。可以在客户端设置。  

可以进行**全局的**设置或**当前会话**的设置。
```mysql

# 默认 global、session 都是 ON
show  variables like '%autocommit%';

# 查看配置(命令行查看就是 session)
SELECT @@SQL_MODE;

select @@global.sql_mode\G;
select @@session.sql_mode\G;

set session autocommit=0;
set global autocommit=0;

#将当前的SQL_MODE设置为严格模式
set global sql_mode='strict_trans_tables';

```

SQL_MODE 可以设置的选项
* **STRICT_TRANS_TABLES：**
在该模式下，如果一个值不能插入到一个事务表（例如表的存储引擎为InnoDB）中，则中断当前的操作不影响非事务表（例如表的存储引擎为MyISAM）。<p></p>
* **ALLOW_INVALID_DATES：** 该选项并不完全对日期的合法性进行检查，只检查月份是否在1～12之间，日期是否在1～31之间。该模式仅对DATE和DATETIME类型有效，而对TIMESTAMP无效，因为TIMESTAMP总是要求一个合法的输入。<p></p>
*  **ANSI_QUOTES：**
启用ANSI_QUOTES后，不能用双引号来引用字符串，因为它将被解释为识别符，示例如下：
```sql

mysql> create table z(a varchar(10))engine=innodb;
Query OK, 0 rows affected (1.28 sec)

mysql> insert into z select "aaa";
Query OK, 1 row affected (0.12 sec)
Records: 1  Duplicates: 0  Warnings: 0

mysql> select * from z;
+------+
| a    |
+------+
| aaa  |
+------+
1 row in set (0.00 sec)

mysql> set sql_mode='ANSI_QUOTES';
Query OK, 0 rows affected (0.00 sec)

mysql> insert into z select "aaa";
ERROR 1054 (42S22): Unknown column 'aaa' in 'field list'

```

* **ERROR_FOR_DIVISION_BY_ZERO：** 在INSERT或UPDATE过程中，如果数据被零除（或MOD（X，0）），则产生错误（否则为警告）。如果未给出该模式，那么数据被零除时MySQL返回NULL。如果用到INSERT IGNORE或UPDATEIGNORE中，MySQL生成被零除警告，但操作结果为NULL。<p></p>
* **HIGH_NOT_PRECEDENCE NOT：** 操作符的优先顺序是表达式。例如，NOT aBETWEEN b AND c被解释为NOT（a BETWEEN b AND c），在一些旧版本MySQL中， 前面的表达式被解释为（NOT a）BETWEEN b AND c。启用HIGH_NOT_PRECEDENCE <p></p>
*  **IGNORE_SPACE：**  函数名和括号“（”之间有空格。除了增加一些烦恼，这个选项好像没有任何好处，要访问保存为关键字的数据库、表或列名，用户必须引用该选项。例如某个表中有user这一列，而MySQL数据库中又有user这个函数， user会被解释为函数，如果想要选择user这一列，则需要引用。<p></p>
*  **NO_AUTO_CREATE_USER：** 禁止GRANT创建密码为空的用户。<p></p>

* **NO_AUTO_VALUE_ON_ZERO：**
该选项影响列为自增长的插入。在默认设置下，插入0或NULL代表生成下一个自增长值。如果用户希望插入的值为0，而该列又是自增长的，那么这个选项就有用了。<p></p>

* **NO_BACKSLASH_ESCAPES：**
反斜杠“\”作为普通字符而非转义符<p></p>
* **NO_DIR_IN_CREATE：**
在创建表时忽视所有INDEX DIRECTORY和DATADIRECTORY的选项。<p></p>
* **NO_ENGINE_SUBSTITUTION：**
 如果需要的存储引擎被禁用或未编译，那么抛出错误。默认用默认的存储引擎替代，并抛出一个异常。<p></p>
* **NO_UNSIGNED_SUBTRACTION：**
 之前已经介绍过，启用这个选项后两个UNSIGNED类型相减返回SIGNED类型。<p></p>
* **NO_ZERO_DATE：**
 在非严格模式下，可以插入形如“0000-00-0000:00:00”的非法日期，MySQL数据库仅抛出一个警告。而启用该选项后，MySQL数据库不允许插入零日期，插入零日期会抛出错误而非警告。<p></p>
* **NO_ZERO_IN_DATE：**
 在严格模式下，不允许日期和月份为零。如“2011-00-01”和“2011-01-00”这样的格式是不允许的。采用日期或月份为零的格式时MySQL都会直接抛出错误而非警告<p></p>
* **ONLY_FULL_GROUP_BY：** 
对于GROUP BY聚合操作，如果在SELECT中的列没有在GROUP BY中出现，那么这句SQL是不合法的，因为a列不在GROUP BY从句中<p></p>
* **PAD_CHAR_TO_FULL_LENGTH：** 对于CHAR类型字段，不要截断空洞数据。空洞数据就是自动填充值为0x20的数据。先来看MySQL数据库在默认情况下的表现。<p></p>
* **PIPES_AS_CONCAT：** 将“||”视为字符串的连接操作符而非或运算符，这和Oracle数据库是一样的，也和字符串的拼接函数Concat相类似<p></p>
* **REAL_AS_FLOAT：** 将REAL视为FLOAT的同义词，而不是DOUBLE的同义词。<p></p>
* **STRICT_ALL_TABLES：** 对所有引擎的表都启用严格模式。（STRICT_TRANS_TABLES只对支持事务的表启用严格模式）。<p></p>


**在严格模式下，一旦任何操作的数据产生问题，都会终止当前的操作。对于启用STRICT_ALL_TABLES选项的非事务引擎来说，这时数据可能停留在一个未知的状态。这可能不是所有非事务引擎愿意看到的一种情况，因此需要非常小心这个选项可能带来的潜在影响。**


下面的几种SQL_MODE设置是之前讨论的几种选项的组合。
* **ANSI：** 等同于REAL_AS_FLOAT、PIPES_AS_CONCAT和ANSI_QUOTES、IGNORE_SPACE的组合。<p></p>
* **ORACLE：** 等同于PIPES_AS_CONCAT、 ANSI_QUOTES、IGNORE_SPACE、NO_KEY_OPTIONS、 NO_TABLE_OPTIONS、 NO_FIELD_OPTIONS和NO_AUTO_CREATE_USER的组合。<p></p>
* **TRADITIONAL：** 等同于STRICT_TRANS_TABLES、 STRICT_ALL_TABLES、NO_ZERO_IN_DATE、NO_ZERO_DATE、 ERROR_FOR_DIVISION_BY_ZERO、NO_AUTO_CREATE_USER和NO_ENGINE_SUBSTITUTION的组合。<p></p>
* **MSSQL：** 等同于PIPES_AS_CONCAT、 ANSI_QUOTES、 IGNORE_SPACE、NO_KEY_OPTIONS、NO_TABLE_OPTIONS和NO_FIELD_OPTIONS的组合。<p></p>
* **DB2：** 等同于PIPES_AS_CONCAT、ANSI_QUOTES、 IGNORE_SPACE、NO_KEY_OPTIONS、 NO_TABLE_OPTIONS和NO_FIELD_OPTIONS的组合。<p></p>
* **MYSQL323：** 等同于NO_FIELD_OPTIONS和HIGH_NOT_PRECEDENCE的组合。<p></p>
* **MYSQL40：** 等同于NO_FIELD_OPTIONS和HIGH_NOT_PRECEDENCE的组合。<p></p>
* **MAXDB：** 等同于PIPES_AS_CONCAT、ANSI_QUOTES、IGNORE_SPACE、NO_KEY_OPTIONS、 NO_TABLE_OPTIONS、 NO_FIELD_OPTIONS和NO_AUTO_CREATE_USER的组合。


<h3 id="2.3">2.3 日期和时间类型</h3>
MySQL数据库中有五种与日期和时间有关的数据类型，各种日期数据类型所占空间如表2-1所示。

![image](https://user-images.githubusercontent.com/1744922/129133212-b40a70d9-9d27-4982-a71a-247dafccda34.png)


#### 2.3.4 与日期和时间相关的函数
**1. NOW、CURRENT_TIMESTAMP和SYSDATE这些函数都能返回当前的系统时间，它们之间有区别吗？先来看个例子**
 ```sql
 
 mysql> select now(),current_timestamp(),sysdate(),sleep(2),now(),current_timestamp(),sysdate()\G;
*************************** 1. row ***************************
              now(): 2021-08-12 11:21:48
current_timestamp(): 2021-08-12 11:21:48
          sysdate(): 2021-08-12 11:21:48
           sleep(2): 0
              now(): 2021-08-12 11:21:48
current_timestamp(): 2021-08-12 11:21:48
          sysdate(): 2021-08-12 11:21:50
1 row in set (2.00 sec)

 ```
 * CURRENT_TIMESTAMP是NOW的同义词，也就是说两者是相同的
 * SYSDATE函数返回的是执行到当前函数时的时间，而NOW返回的是执行SQL语句时的时间。


**2.时间加减函数**
```sql

mysql> select now(),now()+0 \G;
*************************** 1. row ***************************
  now(): 2021-08-12 11:27:10
now()+0: 20210812112710
1 row in set (0.00 sec)

mysql> select now() as now,date_add(now(),interval 1 day) as tomorrow,date_sub(now(),interval 1 day)as yesterday \G;
*************************** 1. row ***************************
      now: 2021-08-12 11:34:14
 tomorrow: 2021-08-13 11:34:14
yesterday: 2021-08-11 11:34:14
1 row in set (0.01 sec)

```
**DATE_ADD或DATE_SUB：**  可以使用：DAY、YEAR、 MICROSECOND、SECOND、MINUTE、HOUR、WEEK、MONTH等类型。


**3.DATE_FORMAT函数** 按用户需求格式打印出日期。
但是开发人员往往会错误地使用这个函数，导致非常严重的后果。例如在需要查询某一天的数据时，有些开发人员会写如下的语句：
```sql
mysql> explain select * from customer where date_format(date_added,'%Y-%d-%m') >='2016-10-01' and date_format(date_added,'%Y-%d-%m')<'2021-10-02';
+----+-------------+----------+------------+------+---------------+------+---------+------+--------+----------+-------------+
| id | select_type | table    | partitions | type | possible_keys | key  | key_len | ref  | rows   | filtered | Extra       |
+----+-------------+----------+------------+------+---------------+------+---------+------+--------+----------+-------------+
|  1 | SIMPLE      | customer | NULL       | ALL  | NULL          | NULL | NULL    | NULL | 142405 |   100.00 | Using where |
+----+-------------+----------+------------+------+---------------+------+---------+------+--------+----------+-------------+
1 row in set, 1 warning (0.00 sec)


mysql> explain select * from customer where date_added >='2016-10-01' and date_added<'2021-10-02';
+----+-------------+----------+------------+------+---------------+------+---------+------+--------+----------+-------------+
| id | select_type | table    | partitions | type | possible_keys | key  | key_len | ref  | rows   | filtered | Extra       |
+----+-------------+----------+------------+------+---------------+------+---------+------+--------+----------+-------------+
|  1 | SIMPLE      | customer | NULL       | ALL  | date_added    | NULL | NULL    | NULL | 142405 |    50.00 | Using where |
+----+-------------+----------+------------+------+---------------+------+---------+------+--------+----------+-------------+
1 row in set, 1 warning (0.00 sec)
```
一般来说表中都会有一个对日期类型的索引，如果使用上述的语句，优化器绝对不会使用索引，也不可能通过索引来查询数据，因此上述查询的执行效率可能非常低。




<h3 id="2.1">2.5 数字类型</h3>

#### 2.5.1 整型
MySQL数据库支持SQL标准支持的整型类型：INT、SMALLINT。  
此外MySQL数据库也支持诸如TINYINT、MEDIUMINT和BIGINT等类型。  
表2-14显示了各种整型占用的存储空间以及取值范围。
![image](https://user-images.githubusercontent.com/1744922/129136129-2f957920-61c5-4797-b1b0-f15aacdb477c.png)

```sql

mysql> create table t2(a int(4) zerofill);
Query OK, 0 rows affected (0.09 sec)

mysql> show create table t2\G;
*************************** 1. row ***************************
       Table: t2
Create Table: CREATE TABLE `t2` (
  `a` int(4) unsigned zerofill DEFAULT NULL
) ENGINE=InnoDB DEFAULT CHARSET=latin1
1 row in set (0.00 sec)

ERROR: 
No query specified

mysql> insert into t2 select 11;
Query OK, 1 row affected (0.05 sec)
Records: 1  Duplicates: 0  Warnings: 0

mysql> select * from t2;
+------+
| a    |
+------+
| 0011 |
+------+
1 row in set (0.00 sec)

```



#### 2.5.2 浮点型

MySQL数据库支持两种浮点类型：

* 单精度的FLOAT类型
* 双精度的DOUBLE PRECISION类型

这两种类型都是非精确的类型。

#### 2.5.3 高精度类型
* DECIMAL
* NUMERIC

在MySQL中视为相同的类型，用于保存必须为确切精度的值。
当声明该类型的列时，可以指定精度和标度
```sql

salary DECIMAL(5,2)

```
5是精度，2是标度。精度表示保存值的主要位数，标度表示小数点后面可以保存的位数。
DECIMAL或NUMERIC的最大位数是65。

```sql

mysql> show create table t3;
+-------+--------------------------------------------------------------------------------------------+
| Table | Create Table                                                                               |
+-------+--------------------------------------------------------------------------------------------+
| t3    | CREATE TABLE `t3` (
  `a` decimal(5,2) DEFAULT NULL
) ENGINE=InnoDB DEFAULT CHARSET=latin1 |
+-------+--------------------------------------------------------------------------------------------+
1 row in set (0.00 sec)


mysql> insert into t3 select 100000;
Query OK, 1 row affected, 1 warning (0.08 sec)
Records: 1  Duplicates: 0  Warnings: 1

mysql> select * from t3;
+--------+
| a      |
+--------+
|  10.00 |
| 999.99 |
+--------+
2 rows in set (0.00 sec)

mysql> insert into t3 select 100.946;
Query OK, 1 row affected, 1 warning (0.01 sec)
Records: 1  Duplicates: 0  Warnings: 1

mysql> select * from t3;
+--------+
| a      |
+--------+
|  10.00 |
| 999.99 |
| 100.95 |
+--------+
3 rows in set (0.00 sec)

```

#### 2.5.4 位类型

位类型，即 BIT 数据类型可用来保存位字段的值。  
BIT（M）类型表示允许存储M位数值，M范围为1到64，占用的空间为（M+7）/8字节。

```sql

mysql> create table t4 (a bit(4));
Query OK, 0 rows affected (0.14 sec)

mysql> insert into t4 select b'1000';
Query OK, 1 row affected (0.02 sec)
Records: 1  Duplicates: 0  Warnings: 0

mysql> select * from t4;
+------+
| a    |
+------+
|    |
+------+
1 row in set (0.00 sec)

mysql> select hex(a) from t4;
+--------+
| hex(a) |
+--------+
| 8      |
+--------+
1 row in set (0.01 sec)

```


<h3 id="2.1">2.7 字符类型</h3>

#### 2.7.1 字符集
```sql

mysql> show charset;
+----------+---------------------------------+---------------------+--------+
| Charset  | Description                     | Default collation 排序规则   | Maxlen 占用最大字节空间 |
+----------+---------------------------------+---------------------+--------+
| big5     | Big5 Traditional Chinese        | big5_chinese_ci     |      2 |
| dec8     | DEC West European               | dec8_swedish_ci     |      1 |
| cp850    | DOS West European               | cp850_general_ci    |      1 |
| hp8      | HP West European                | hp8_english_ci      |      1 |
| koi8r    | KOI8-R Relcom Russian           | koi8r_general_ci    |      1 |
| latin1   | cp1252 West European            | latin1_swedish_ci   |      1 |
| latin2   | ISO 8859-2 Central European     | latin2_general_ci   |      1 |
| swe7     | 7bit Swedish                    | swe7_swedish_ci     |      1 |
| ascii    | US ASCII                        | ascii_general_ci    |      1 |
| ujis     | EUC-JP Japanese                 | ujis_japanese_ci    |      3 |
| sjis     | Shift-JIS Japanese              | sjis_japanese_ci    |      2 |
| hebrew   | ISO 8859-8 Hebrew               | hebrew_general_ci   |      1 |
| tis620   | TIS620 Thai                     | tis620_thai_ci      |      1 |
| euckr    | EUC-KR Korean                   | euckr_korean_ci     |      2 |
| koi8u    | KOI8-U Ukrainian                | koi8u_general_ci    |      1 |
| gb2312   | GB2312 Simplified Chinese       | gb2312_chinese_ci   |      2 |
| greek    | ISO 8859-7 Greek                | greek_general_ci    |      1 |
| cp1250   | Windows Central European        | cp1250_general_ci   |      1 |
| gbk      | GBK Simplified Chinese          | gbk_chinese_ci      |      2 |
| latin5   | ISO 8859-9 Turkish              | latin5_turkish_ci   |      1 |
| armscii8 | ARMSCII-8 Armenian              | armscii8_general_ci |      1 |
| utf8     | UTF-8 Unicode                   | utf8_general_ci     |      3 |
| ucs2     | UCS-2 Unicode                   | ucs2_general_ci     |      2 |
| cp866    | DOS Russian                     | cp866_general_ci    |      1 |
| keybcs2  | DOS Kamenicky Czech-Slovak      | keybcs2_general_ci  |      1 |
| macce    | Mac Central European            | macce_general_ci    |      1 |
| macroman | Mac West European               | macroman_general_ci |      1 |
| cp852    | DOS Central European            | cp852_general_ci    |      1 |
| latin7   | ISO 8859-13 Baltic              | latin7_general_ci   |      1 |
| utf8mb4  | UTF-8 Unicode                   | utf8mb4_general_ci  |      4 |
| cp1251   | Windows Cyrillic                | cp1251_general_ci   |      1 |
| utf16    | UTF-16 Unicode                  | utf16_general_ci    |      4 |
| utf16le  | UTF-16LE Unicode                | utf16le_general_ci  |      4 |
| cp1256   | Windows Arabic                  | cp1256_general_ci   |      1 |
| cp1257   | Windows Baltic                  | cp1257_general_ci   |      1 |
| utf32    | UTF-32 Unicode                  | utf32_general_ci    |      4 |
| binary   | Binary pseudo charset           | binary              |      1 |
| geostd8  | GEOSTD8 Georgian                | geostd8_general_ci  |      1 |
| cp932    | SJIS for Windows Japanese       | cp932_japanese_ci   |      2 |
| eucjpms  | UJIS for Windows Japanese       | eucjpms_japanese_ci |      3 |
| gb18030  | China National Standard GB18030 | gb18030_chinese_ci  |      4 |
+----------+---------------------------------+---------------------+--------+
41 rows in set (0.03 sec)

```

对于**简体中文**，我们习惯使用gbk或gb2312  
两者区别：gbk是gb2312的超集，因此可以支持更多的汉字。  

对于**繁体中文**，big5可能是首选的字符集。

对于国家化公司，需要存储地字符可能是多种多样，因此要使用**Unicode编码**地字符集。另外为了平台的扩展性，有必要将字符集设置为Unicode编码。


> Unicode和 utf8存在很大差别

Unicode是一种在计算机上使用地字符编码。它为每种语言中的每个字符设定了统一且唯一地二进制编码，以满足跨语言和跨平台进行文本转换和处理的要求。  

**需要注意的是**，Unicode是字符编码，不是字符集。

>Unicode是国际组织制定的可以容纳世界上所有文字和符号的字符编码方案。Unicode用数字0～0x10FFFF来映射这些字符，最多可以容纳1114112个字符，或者说有1114112个码位。码位就是可以分配给字符的数字。utf8、utf16和utf32都是将数字转换到程序数据的编码方案。

```sql

mysql> SELECT * FROM INFORMATION_SCHEMA.CHARACTER_SETS where description like '%Unicode';
+--------------------+----------------------+------------------+--------+
| CHARACTER_SET_NAME | DEFAULT_COLLATE_NAME | DESCRIPTION      | MAXLEN |
+--------------------+----------------------+------------------+--------+
| utf8               | utf8_general_ci      | UTF-8 Unicode    |      3 |
| ucs2               | ucs2_general_ci      | UCS-2 Unicode    |      2 |
| utf8mb4            | utf8mb4_general_ci   | UTF-8 Unicode    |      4 |
| utf16              | utf16_general_ci     | UTF-16 Unicode   |      4 |
| utf16le            | utf16le_general_ci   | UTF-16LE Unicode |      4 |
| utf32              | utf32_general_ci     | UTF-32 Unicode   |      4 |
+--------------------+----------------------+------------------+--------+
6 rows in set (0.00 sec)

```

> **对于Unicode编码的字符集，强烈建议将所有的CHAR字段设置为VARCHAR字段，因为对于CHAR字段，数据库会保存最大可能的字节数。例如，对于CHAR（30），数据库可能存储90字节的数据。**





>要查看当前使用的字符集，可以使用STATUS命令：
```sql

mysql> status
--------------
mysql  Ver 14.14 Distrib 5.7.33, for Linux (x86_64) using  EditLine wrapper

Connection id:		58
Current database:	t2
Current user:		jack@localhost
SSL:			Not in use
Current pager:		stdout
Using outfile:		''
Using delimiter:	;
Server version:		5.7.33-0ubuntu0.16.04.1-log (Ubuntu)
Protocol version:	10
Connection:		Localhost via UNIX socket
Server characterset:	latin1
Db     characterset:	utf8
Client characterset:	utf8
Conn.  characterset:	utf8
UNIX socket:		/var/run/mysqld/mysqld.sock
Uptime:			1 day 4 hours 28 min 52 sec

Threads: 4  Questions: 80073  Slow queries: 0  Opens: 54815  Flush tables: 1  Open tables: 402  Queries per second avg: 0.780
--------------

```

```shell

vi /etc/my.cnf

在[mysqld] 下加入 修改 Server characterset

lower_case_table_names=1//不区分大小写，0为要区分。

#设置  Server characterset 字符集
character_set_server=utf8

```

```sql

#修改数据库的字符集  Db  characterset
alter  database t1 character set utf8;
#创建数据库时指定数据库的字符集
create database t2 character set utf8;

```

>**MySQL数据库一个比较“强悍”的地方是，可以细化每个对象字符集的设置**

#### 2.7.2 排序规则

排序规则（Collation）是指对指定字符集下不同字符的比较规则。其特征有以下几点：  

* 两个不同的字符集不能有相同的排序规则。
* 每个字符集有一个默认的排序规则。

```sql

mysql> create table t5(a varchar(10)) charset=utf8;
Query OK, 0 rows affected (0.05 sec)

mysql> insert into t5 select "a";
Query OK, 1 row affected (0.01 sec)
Records: 1  Duplicates: 0  Warnings: 0

mysql> insert into t5 select "A";
Query OK, 1 row affected (0.01 sec)
Records: 1  Duplicates: 0  Warnings: 0

mysql> select * from t5 where a="a";
+------+
| a    |
+------+
| a    |
| A    |
+------+
2 rows in set (0.03 sec)

mysql> select "a" ="A";
+----------+
| "a" ="A" |
+----------+
|        1 |
+----------+
1 row in set (0.00 sec)

mysql> ALTER TABLE t5 modify column a varchar(10) collate utf8_bin;
Query OK, 2 rows affected (0.15 sec)
Records: 2  Duplicates: 0  Warnings: 0

mysql> select * from t5 where a="a";
+------+
| a    |
+------+
| a    |
+------+
1 row in set (0.00 sec)

```
>**可以看到，不能在a列上创建一个唯一索引，报错中提示有重复数据。索引是B+树，同样需要对字符进行比较，因此在建立唯一索引时由于排序规则对大小写不敏感而导致了错误。**

```sql
mysql> ALTER TABLE t5 modify column a varchar(10) collate utf8_general_ci;
Query OK, 2 rows affected (0.09 sec)
Records: 2  Duplicates: 0  Warnings: 0

mysql> alter table t5  add unique key(a);
ERROR 1062 (23000): Duplicate entry 'a' for key 'a'

```

#### 2.7.3 CHAR 和 VARCHAR

**CHAR**和**VARCHAR**是最常使用的两种字符串类型。一般来说，CHAR（N）用来保存固定长度的字符串，VARCHAR（N）用来保存变长字符类型。对于CHAR类型，N的范围为0～255，对于VARCHAR类型，N的范围为0～65535。CHAR（N）和VARCHAR（N）中的N都代表字符长度，而非字节长度。

```sql

mysql> set sql_mode='pad_char_to_full_length';
Query OK, 0 rows affected, 1 warning (0.00 sec)

mysql> select a,b,hex(a),hex(b),length(a),length(b) from t6;
+-------+------+------------+--------+-----------+-----------+
| a     | b    | hex(a)     | hex(b) | length(a) | length(b) |
+-------+------+------------+--------+-----------+-----------+
| a     | a    | 6120202020 | 61     |         5 |         1 |
+-------+------+------------+--------+-----------+-----------+
1 row in set (0.00 sec)

mysql> insert into t6 select 'abcdefghi','abcdefghi';
Query OK, 1 row affected, 2 warnings (0.01 sec)
Records: 1  Duplicates: 0  Warnings: 2

mysql> select a,b,hex(a),hex(b),length(a),length(b) from t6;
+-------+-------+------------+------------+-----------+-----------+
| a     | b     | hex(a)     | hex(b)     | length(a) | length(b) |
+-------+-------+------------+------------+-----------+-----------+
| a     | a     | 6120202020 | 61         |         5 |         1 |
| abcde | abcde | 6162636465 | 6162636465 |         5 |         5 |
+-------+-------+------------+------------+-----------+-----------+

```
下面简单总结下CHAR与VARCHAR字段类型的适用场景：



>CHAR适合存储很短的字符串，或者所有值都接近同一个长度。例如，CHAR非常适合存储密码的MD5值，因为这是一个定长的值。对于经常变更的数据，CHAR也比VARCHAR更好，因为定长的CHAR类型不容易产生碎片。对于非常短的列，CHAR比VARCHAR在存储空间上也更有效率。例如用CHAR(1)来存储只有Y和N的值，如果采用单字节字符集只需要一个字节，但是VARCHAR(1)却需要两个字节，因为还有一个记录长度的额外字节。



下面这些情况下使用VARCHAR是合适的：字符串很长或者所要存储的字符串长短不一，差别很大；字符串列的最大长度比平均长度大得多；列的更新很少，所以碎片不是问题。



额外说明下，我们在定义字段最大长度时应该按需分配，提前做好预估。特别是对于VARCHAR字段，有人认为反正VARCHAR数据类型是根据实际的需要来分配长度的，还不如给大一点呢。但事实不是这样的，比如现在需要存储一个地址信息，根据评估，只要使用100个字符就可以了，我们可以使用VARCHAR(100)或VARCHAR(200)来存储，虽然它们用来存储90个字符的数据，其存储空间相同，但是对于内存的消耗是不同的。更长的列会消耗更多的内存，因为MySQL通常会分配固定大小的内存块来保存内部值，尤其是使用内存临时表进行排列或者操作时会特别糟糕。**所以我们在分配VARCHAR数据类型时仍然不能够太过于慷慨。还是要评估实际需要的长度，然后选择一个最长的字段来设置字符长度。如果为了考虑冗余，可以留10%左右的字符长度。千万不能认为VARCHAR是根据实际长度来分配存储空间，而随意的分配长度，或者说干脆使用最大的字符长度。**



#### 2.7.4 BINARY和VARBINARY

**BINARY**和**VARBINARY**与前面介绍的CHAR和VARCHAR类型有点类似，不同的是BINARY和VARBINARY存储的是二进制的字符串，而非字符型字符串。也就是说，BINARY和VARBINARY没有字符集的概念，对其排序和比较都是按照二进制值进行对比。


BINARY和VARBINARY对比CHAR和VARCHAR，
* 第一个不同之处就是BINARY（N）和VARBINARY（N）中的N值代表的是字节数，而非字符长度；
* 第二个不同点是， CHAR和VARCHAR在进行字符比较时，比较的只是字符本身存储的字符，忽略字符后的填充字符，而对于BINARY和VARBINARY来说，由于是按照二进制值来进行比较的，因此结果会非常不同
* 第三个不同的是，对于BINARY字符串，其填充字符是0x00，而CHAR的填充字符为0x20。可能是因为BINARY的比较需要，0x00显然是比较的最小字符


#### 2.7.5 BLOB和TEXT
BLOB（Binary Large Object）是用来存储二进制大数据类型的。根据存储长度的不同BLOB可细分为以下4种类型，括号中的数代表存储的字节数：

* TINYBLOB（28）
* BLOB（216）
*  MEDIUMBLOB（224）
*  LONGBLOB（232）



*  TINYTEXT（28）
*  TEXT（216）
*  MEDIUMTEXT（224）
*  LONGTEXT（232）

>在大多数情况下，可以将BLOB类型的列视为足够大的VARBINARY类型的列。同样，也可以将TEXT类型的列视为足够大的VARCHAR类型的列。然而，BLOB和TEXT在以下几个方面又不同于VARBINARY和VARCHAR：

* 在BLOB和TEXT类型的列上创建索引时，必须制定索引前缀的长度。而VARCHAR和VARBINARY的前缀长度是可选的。
* BLOB和TEXT类型的列不能有默认值。
* 在排序时只使用列的前max_sort_length个字节。


#### 2.7.6 ENUM和SET类型

ENUM和SET类型都是集合类型，不同的是ENUM类型最多可枚举65536个元素，而SET类型最多枚举64个元素。

```sql

mysql> create table t9(user varchar(30),sex enum('male','female'))engine=innodb;
Query OK, 0 rows affected (0.10 sec)

mysql> set sql_mode='strict_trans_tables';
Query OK, 0 rows affected, 1 warning (0.00 sec)


mysql> insert into t9 select 'amy','female';
Query OK, 1 row affected (0.00 sec)
Records: 1  Duplicates: 0  Warnings: 0

mysql> insert into t9 select 'roy','male';
Query OK, 1 row affected (0.01 sec)
Records: 1  Duplicates: 0  Warnings: 0

mysql> insert into t9 select 'roy','bimale';
ERROR 1265 (01000): Data truncated for column 'sex' at row 1

```
> MySQL数据库在严格的SQL_MODE下抛出了报错警告，起到了一定的约束作用。


<h3 id="2.1">2.8 小结</h3> 

不能轻视数据类型的选择，这是构建关系数据库的基础，并且将影响到之后所有数据库的应用。本章用了一些篇幅来介绍日期和时间类型及其通常存在的一些问题，这是因为该类型比较复杂，而且使用频繁。此外，在使用字符类型时需要特别考虑字符集及排序规则的选择，这同样非常重要，由于需要越来越多地参与多国语言项目的开发，建议将数据库的默认字符集设置为utf8，这对今后数据库的移植和开发大有益处。